<?xml version="1.0" encoding="UTF-8"?>
<project-private xmlns="http://www.netbeans.org/ns/project-private/1">
    <editor-bookmarks xmlns="http://www.netbeans.org/ns/editor-bookmarks/2" lastBookmarkId="0"/>
    <open-files xmlns="http://www.netbeans.org/ns/projectui-open-files/2">
        <group>
            <file>file:/E:/DuAn1_Lai/DuAn1Nhom6/src/view/ViewDangNhap.java</file>
            <file>file:/E:/DuAn1_Lai/DuAn1Nhom6/src/view/ViewThuVien.java</file>
            <file>file:/E:/DuAn1_Lai/DuAn1Nhom6/src/repository/NhanVienRepository.java</file>
        </group>
    </open-files>
</project-private>
